{"stats":{"minecraft:custom":{"minecraft:interact_with_furnace":47,"minecraft:mob_kills":96,"minecraft:interact_with_crafting_table":31,"minecraft:leave_game":3,"minecraft:time_since_death":94191,"minecraft:time_since_rest":94191,"minecraft:sprint_one_cm":310524,"minecraft:damage_taken":1932,"minecraft:walk_one_cm":208325,"minecraft:damage_blocked_by_shield":1650,"minecraft:drop":45,"minecraft:damage_dealt":15600,"minecraft:swim_one_cm":1161,"minecraft:fly_one_cm":336413,"minecraft:open_chest":17,"minecraft:play_time":94191,"minecraft:crouch_one_cm":2174,"minecraft:sneak_time":2132,"minecraft:walk_under_water_one_cm":5668,"minecraft:jump":2057,"minecraft:walk_on_water_one_cm":6690,"minecraft:total_world_time":94191,"minecraft:fall_one_cm":63908},"minecraft:broken":{"minecraft:stone_pickaxe":2,"minecraft:iron_axe":1,"minecraft:stone_axe":1,"minecraft:iron_pickaxe":1},"minecraft:crafted":{"minecraft:cooked_beef":48,"minecraft:oak_planks":16,"minecraft:arrow":16,"minecraft:diamond_axe":1,"minecraft:leather_leggings":1,"minecraft:leather_boots":1,"minecraft:crafting_table":2,"minecraft:cooked_chicken":3,"minecraft:wooden_pickaxe":1,"minecraft:iron_helmet":1,"minecraft:furnace":2,"minecraft:leather_helmet":1,"minecraft:birch_planks":28,"minecraft:stone_axe":2,"minecraft:bread":2,"minecraft:air":0,"minecraft:bow":1,"minecraft:iron_chestplate":1,"minecraft:iron_boots":1,"minecraft:diamond_pickaxe":1,"minecraft:shield":1,"minecraft:iron_axe":1,"minecraft:stick":36,"minecraft:leather_chestplate":1,"minecraft:iron_ingot":44,"minecraft:iron_pickaxe":1,"minecraft:stone_pickaxe":3,"minecraft:gold_ingot":11,"minecraft:iron_leggings":1,"minecraft:redstone_block":36,"minecraft:torch":48},"minecraft:mined":{"minecraft:deepslate_redstone_ore":78,"minecraft:tuff":64,"minecraft:deepslate_diamond_ore":9,"minecraft:crafting_table":9,"minecraft:torch":17,"minecraft:granite":10,"minecraft:grass_block":3,"minecraft:cobblestone":4,"minecraft:deepslate_gold_ore":72,"minecraft:wall_torch":8,"minecraft:spawner":3,"minecraft:furnace":4,"minecraft:iron_ore":1,"minecraft:birch_log":7,"minecraft:cobbled_deepslate":3,"minecraft:andesite":12,"minecraft:deepslate_lapis_ore":12,"minecraft:grass":9,"minecraft:oak_log":4,"minecraft:coal_ore":80,"minecraft:deepslate_iron_ore":43,"minecraft:gravel":53,"minecraft:stone":85,"minecraft:oak_leaves":2,"minecraft:deepslate":185},"minecraft:killed":{"minecraft:pig":6,"minecraft:spider":8,"minecraft:horse":2,"minecraft:skeleton":25,"minecraft:zombie":25,"minecraft:chicken":3,"minecraft:cow":22},"minecraft:used":{"minecraft:leather_leggings":1,"minecraft:stone_pickaxe":350,"minecraft:wooden_pickaxe":3,"minecraft:shield":62,"minecraft:diamond_axe":12,"minecraft:cooked_chicken":3,"minecraft:torch":63,"minecraft:dirt":19,"minecraft:crafting_table":10,"minecraft:tuff":49,"minecraft:diamond_pickaxe":89,"minecraft:bread":5,"minecraft:iron_axe":127,"minecraft:iron_pickaxe":256,"minecraft:gravel":49,"minecraft:stone_axe":91,"minecraft:cobblestone":5,"minecraft:furnace":5,"minecraft:andesite":12,"minecraft:egg":2,"minecraft:cooked_beef":24,"minecraft:cobbled_deepslate":105},"minecraft:dropped":{"minecraft:stone_axe":1,"minecraft:wheat_seeds":1,"minecraft:lapis_lazuli":12,"minecraft:cobbled_deepslate":1,"minecraft:rotten_flesh":14,"minecraft:leather_helmet":1,"minecraft:leather_boots":1,"minecraft:leather_leggings":1,"minecraft:spider_eye":1,"minecraft:stone_pickaxe":1,"minecraft:wooden_pickaxe":1,"minecraft:redstone":28},"minecraft:picked_up":{"minecraft:birch_log":7,"minecraft:crafting_table":9,"minecraft:feather":4,"minecraft:cooked_beef":2,"minecraft:chicken":3,"minecraft:andesite":12,"minecraft:leather":26,"minecraft:flint":4,"minecraft:tuff":67,"minecraft:oak_log":4,"minecraft:dirt":19,"minecraft:lapis_lazuli":76,"minecraft:string":10,"minecraft:bone":25,"minecraft:bow":2,"minecraft:wheat_seeds":3,"minecraft:cobbled_deepslate":197,"minecraft:raw_gold":74,"minecraft:beef":69,"minecraft:furnace":4,"minecraft:egg":2,"minecraft:raw_iron":44,"minecraft:torch":29,"minecraft:gravel":49,"minecraft:porkchop":8,"minecraft:redstone":350,"minecraft:spider_eye":2,"minecraft:arrow":18,"minecraft:rotten_flesh":21,"minecraft:diamond":9,"minecraft:granite":14,"minecraft:coal":236,"minecraft:cobblestone":88}},"DataVersion":3465}