{"stats":{"minecraft:custom":{"minecraft:interact_with_furnace":15,"minecraft:mob_kills":46,"minecraft:interact_with_crafting_table":11,"minecraft:leave_game":2,"minecraft:time_since_death":35091,"minecraft:time_since_rest":35091,"minecraft:sprint_one_cm":86410,"minecraft:damage_taken":560,"minecraft:walk_one_cm":73827,"minecraft:drop":1,"minecraft:damage_dealt":5731,"minecraft:fly_one_cm":102696,"minecraft:open_chest":2,"minecraft:crouch_one_cm":369,"minecraft:play_time":35091,"minecraft:sneak_time":1333,"minecraft:jump":678,"minecraft:walk_on_water_one_cm":2404,"minecraft:total_world_time":35091,"minecraft:fall_one_cm":20826},"minecraft:broken":{"minecraft:stone_pickaxe":2,"minecraft:stone_axe":1},"minecraft:crafted":{"minecraft:cooked_beef":48,"minecraft:oak_planks":16,"minecraft:leather_leggings":1,"minecraft:leather_boots":1,"minecraft:crafting_table":2,"minecraft:wooden_pickaxe":1,"minecraft:cooked_chicken":3,"minecraft:furnace":1,"minecraft:leather_helmet":1,"minecraft:birch_planks":28,"minecraft:stone_axe":2,"minecraft:bread":2,"minecraft:air":0,"minecraft:stick":20,"minecraft:leather_chestplate":1,"minecraft:stone_pickaxe":3,"minecraft:torch":32},"minecraft:mined":{"minecraft:tuff":29,"minecraft:crafting_table":4,"minecraft:torch":7,"minecraft:granite":10,"minecraft:grass_block":3,"minecraft:cobblestone":1,"minecraft:wall_torch":4,"minecraft:spawner":1,"minecraft:furnace":1,"minecraft:birch_log":7,"minecraft:iron_ore":1,"minecraft:cobbled_deepslate":1,"minecraft:andesite":12,"minecraft:deepslate_lapis_ore":7,"minecraft:grass":9,"minecraft:oak_log":4,"minecraft:coal_ore":80,"minecraft:deepslate_iron_ore":12,"minecraft:gravel":7,"minecraft:stone":85,"minecraft:oak_leaves":2,"minecraft:deepslate":86},"minecraft:killed":{"minecraft:pig":6,"minecraft:spider":3,"minecraft:horse":2,"minecraft:skeleton":2,"minecraft:zombie":7,"minecraft:chicken":3,"minecraft:cow":22},"minecraft:used":{"minecraft:leather_leggings":1,"minecraft:stone_pickaxe":349,"minecraft:wooden_pickaxe":3,"minecraft:cooked_chicken":3,"minecraft:torch":37,"minecraft:dirt":19,"minecraft:crafting_table":5,"minecraft:tuff":21,"minecraft:gravel":2,"minecraft:stone_axe":91,"minecraft:cobblestone":2,"minecraft:furnace":2,"minecraft:egg":1,"minecraft:cooked_beef":6,"minecraft:cobbled_deepslate":5},"minecraft:dropped":{"minecraft:wheat_seeds":1},"minecraft:picked_up":{"minecraft:birch_log":7,"minecraft:crafting_table":4,"minecraft:cooked_beef":2,"minecraft:feather":4,"minecraft:chicken":3,"minecraft:andesite":12,"minecraft:leather":26,"minecraft:tuff":29,"minecraft:oak_log":4,"minecraft:dirt":19,"minecraft:lapis_lazuli":43,"minecraft:string":5,"minecraft:bone":2,"minecraft:wheat_seeds":3,"minecraft:cobbled_deepslate":90,"minecraft:beef":69,"minecraft:egg":2,"minecraft:furnace":1,"minecraft:raw_iron":13,"minecraft:torch":13,"minecraft:gravel":7,"minecraft:porkchop":8,"minecraft:spider_eye":1,"minecraft:arrow":1,"minecraft:rotten_flesh":2,"minecraft:granite":14,"minecraft:coal":114,"minecraft:cobblestone":86}},"DataVersion":3465}