{"stats":{"minecraft:custom":{"minecraft:interact_with_furnace":28,"minecraft:mob_kills":51,"minecraft:interact_with_crafting_table":16,"minecraft:leave_game":2,"minecraft:time_since_death":47091,"minecraft:time_since_rest":47091,"minecraft:sprint_one_cm":121619,"minecraft:damage_taken":845,"minecraft:walk_one_cm":97486,"minecraft:damage_blocked_by_shield":140,"minecraft:drop":6,"minecraft:damage_dealt":6665,"minecraft:fly_one_cm":133252,"minecraft:open_chest":2,"minecraft:crouch_one_cm":2090,"minecraft:play_time":47091,"minecraft:sneak_time":2033,"minecraft:walk_under_water_one_cm":1476,"minecraft:jump":876,"minecraft:walk_on_water_one_cm":2425,"minecraft:total_world_time":47091,"minecraft:fall_one_cm":27061},"minecraft:broken":{"minecraft:stone_pickaxe":2,"minecraft:stone_axe":1},"minecraft:crafted":{"minecraft:cooked_beef":48,"minecraft:oak_planks":16,"minecraft:leather_leggings":1,"minecraft:leather_boots":1,"minecraft:crafting_table":2,"minecraft:wooden_pickaxe":1,"minecraft:cooked_chicken":3,"minecraft:furnace":2,"minecraft:leather_helmet":1,"minecraft:birch_planks":28,"minecraft:stone_axe":2,"minecraft:bread":2,"minecraft:air":0,"minecraft:iron_boots":1,"minecraft:shield":1,"minecraft:iron_axe":1,"minecraft:stick":24,"minecraft:iron_ingot":13,"minecraft:leather_chestplate":1,"minecraft:iron_pickaxe":1,"minecraft:stone_pickaxe":3,"minecraft:torch":32},"minecraft:mined":{"minecraft:deepslate_redstone_ore":10,"minecraft:tuff":29,"minecraft:deepslate_diamond_ore":3,"minecraft:crafting_table":5,"minecraft:torch":15,"minecraft:granite":10,"minecraft:grass_block":3,"minecraft:cobblestone":1,"minecraft:deepslate_gold_ore":17,"minecraft:wall_torch":7,"minecraft:spawner":1,"minecraft:furnace":2,"minecraft:birch_log":7,"minecraft:iron_ore":1,"minecraft:cobbled_deepslate":1,"minecraft:andesite":12,"minecraft:deepslate_lapis_ore":7,"minecraft:grass":9,"minecraft:oak_log":4,"minecraft:coal_ore":80,"minecraft:deepslate_iron_ore":19,"minecraft:gravel":7,"minecraft:stone":85,"minecraft:oak_leaves":2,"minecraft:deepslate":106},"minecraft:killed":{"minecraft:pig":6,"minecraft:spider":4,"minecraft:horse":2,"minecraft:skeleton":5,"minecraft:zombie":7,"minecraft:chicken":3,"minecraft:cow":22},"minecraft:used":{"minecraft:leather_leggings":1,"minecraft:stone_pickaxe":350,"minecraft:shield":6,"minecraft:wooden_pickaxe":3,"minecraft:cooked_chicken":3,"minecraft:torch":43,"minecraft:dirt":19,"minecraft:crafting_table":6,"minecraft:tuff":32,"minecraft:iron_axe":21,"minecraft:bread":3,"minecraft:iron_pickaxe":64,"minecraft:gravel":2,"minecraft:stone_axe":91,"minecraft:cobblestone":5,"minecraft:furnace":3,"minecraft:andesite":12,"minecraft:egg":1,"minecraft:cooked_beef":9,"minecraft:cobbled_deepslate":25},"minecraft:dropped":{"minecraft:stone_axe":1,"minecraft:wheat_seeds":1,"minecraft:leather_boots":1,"minecraft:spider_eye":1,"minecraft:stone_pickaxe":1,"minecraft:wooden_pickaxe":1},"minecraft:picked_up":{"minecraft:birch_log":7,"minecraft:crafting_table":5,"minecraft:cooked_beef":2,"minecraft:feather":4,"minecraft:chicken":3,"minecraft:andesite":12,"minecraft:leather":26,"minecraft:tuff":32,"minecraft:oak_log":4,"minecraft:dirt":19,"minecraft:lapis_lazuli":43,"minecraft:string":7,"minecraft:bone":4,"minecraft:wheat_seeds":3,"minecraft:cobbled_deepslate":112,"minecraft:raw_gold":20,"minecraft:beef":69,"minecraft:egg":2,"minecraft:furnace":2,"minecraft:raw_iron":20,"minecraft:torch":24,"minecraft:gravel":7,"minecraft:porkchop":8,"minecraft:redstone":49,"minecraft:spider_eye":2,"minecraft:arrow":4,"minecraft:rotten_flesh":2,"minecraft:diamond":2,"minecraft:granite":14,"minecraft:coal":176,"minecraft:cobblestone":86}},"DataVersion":3465}