{"stats":{"minecraft:custom":{"minecraft:interact_with_furnace":35,"minecraft:mob_kills":65,"minecraft:interact_with_crafting_table":20,"minecraft:leave_game":2,"minecraft:time_since_death":59091,"minecraft:time_since_rest":59091,"minecraft:sprint_one_cm":165133,"minecraft:damage_taken":1380,"minecraft:walk_one_cm":126765,"minecraft:damage_blocked_by_shield":510,"minecraft:drop":10,"minecraft:damage_dealt":9581,"minecraft:swim_one_cm":403,"minecraft:fly_one_cm":193240,"minecraft:open_chest":2,"minecraft:crouch_one_cm":2090,"minecraft:play_time":59091,"minecraft:sneak_time":2033,"minecraft:walk_under_water_one_cm":3698,"minecraft:jump":1208,"minecraft:walk_on_water_one_cm":4737,"minecraft:total_world_time":59091,"minecraft:fall_one_cm":39085},"minecraft:broken":{"minecraft:stone_pickaxe":2,"minecraft:stone_axe":1},"minecraft:crafted":{"minecraft:cooked_beef":48,"minecraft:oak_planks":16,"minecraft:leather_leggings":1,"minecraft:leather_boots":1,"minecraft:crafting_table":2,"minecraft:iron_helmet":1,"minecraft:wooden_pickaxe":1,"minecraft:cooked_chicken":3,"minecraft:furnace":2,"minecraft:leather_helmet":1,"minecraft:birch_planks":28,"minecraft:stone_axe":2,"minecraft:bread":2,"minecraft:air":0,"minecraft:diamond_pickaxe":1,"minecraft:iron_boots":1,"minecraft:shield":1,"minecraft:iron_axe":1,"minecraft:stick":28,"minecraft:iron_ingot":23,"minecraft:leather_chestplate":1,"minecraft:iron_pickaxe":1,"minecraft:stone_pickaxe":3,"minecraft:iron_leggings":1,"minecraft:torch":32},"minecraft:mined":{"minecraft:deepslate_redstone_ore":23,"minecraft:tuff":46,"minecraft:deepslate_diamond_ore":6,"minecraft:crafting_table":7,"minecraft:torch":15,"minecraft:granite":10,"minecraft:grass_block":3,"minecraft:cobblestone":1,"minecraft:deepslate_gold_ore":31,"minecraft:wall_torch":8,"minecraft:spawner":1,"minecraft:furnace":3,"minecraft:birch_log":7,"minecraft:iron_ore":1,"minecraft:cobbled_deepslate":1,"minecraft:andesite":12,"minecraft:deepslate_lapis_ore":12,"minecraft:grass":9,"minecraft:oak_log":4,"minecraft:coal_ore":80,"minecraft:deepslate_iron_ore":22,"minecraft:gravel":7,"minecraft:stone":85,"minecraft:oak_leaves":2,"minecraft:deepslate":138},"minecraft:killed":{"minecraft:pig":6,"minecraft:spider":5,"minecraft:horse":2,"minecraft:skeleton":12,"minecraft:zombie":12,"minecraft:chicken":3,"minecraft:cow":22},"minecraft:used":{"minecraft:leather_leggings":1,"minecraft:stone_pickaxe":350,"minecraft:shield":17,"minecraft:wooden_pickaxe":3,"minecraft:cooked_chicken":3,"minecraft:torch":52,"minecraft:dirt":19,"minecraft:crafting_table":8,"minecraft:tuff":49,"minecraft:iron_axe":64,"minecraft:bread":3,"minecraft:iron_pickaxe":152,"minecraft:gravel":2,"minecraft:stone_axe":91,"minecraft:cobblestone":5,"minecraft:furnace":4,"minecraft:andesite":12,"minecraft:egg":1,"minecraft:cooked_beef":15,"minecraft:cobbled_deepslate":33},"minecraft:dropped":{"minecraft:stone_axe":1,"minecraft:wheat_seeds":1,"minecraft:lapis_lazuli":12,"minecraft:rotten_flesh":5,"minecraft:leather_helmet":1,"minecraft:leather_boots":1,"minecraft:leather_leggings":1,"minecraft:spider_eye":1,"minecraft:stone_pickaxe":1,"minecraft:wooden_pickaxe":1},"minecraft:picked_up":{"minecraft:birch_log":7,"minecraft:crafting_table":7,"minecraft:cooked_beef":2,"minecraft:feather":4,"minecraft:chicken":3,"minecraft:andesite":12,"minecraft:leather":26,"minecraft:tuff":49,"minecraft:oak_log":4,"minecraft:dirt":19,"minecraft:lapis_lazuli":76,"minecraft:string":8,"minecraft:bone":14,"minecraft:wheat_seeds":3,"minecraft:cobbled_deepslate":143,"minecraft:raw_gold":34,"minecraft:beef":69,"minecraft:egg":2,"minecraft:furnace":3,"minecraft:raw_iron":23,"minecraft:torch":26,"minecraft:gravel":7,"minecraft:porkchop":8,"minecraft:redstone":106,"minecraft:spider_eye":2,"minecraft:arrow":11,"minecraft:rotten_flesh":7,"minecraft:diamond":6,"minecraft:granite":14,"minecraft:coal":236,"minecraft:cobblestone":86}},"DataVersion":3465}