{"stats":{"minecraft:broken":{"minecraft:stone_axe":1,"minecraft:stone_pickaxe":1},"minecraft:custom":{"minecraft:time_since_rest":24292,"minecraft:interact_with_furnace":15,"minecraft:sprint_one_cm":63123,"minecraft:damage_taken":424,"minecraft:walk_one_cm":41079,"minecraft:mob_kills":41,"minecraft:drop":1,"minecraft:damage_dealt":5002,"minecraft:interact_with_crafting_table":9,"minecraft:fly_one_cm":90348,"minecraft:crouch_one_cm":191,"minecraft:play_time":24292,"minecraft:sneak_time":977,"minecraft:jump":521,"minecraft:leave_game":1,"minecraft:time_since_death":24292,"minecraft:walk_on_water_one_cm":2404,"minecraft:total_world_time":24292,"minecraft:fall_one_cm":19664},"minecraft:crafted":{"minecraft:cooked_beef":48,"minecraft:oak_planks":16,"minecraft:leather_leggings":1,"minecraft:leather_boots":1,"minecraft:crafting_table":2,"minecraft:stick":16,"minecraft:cooked_chicken":3,"minecraft:leather_chestplate":1,"minecraft:wooden_pickaxe":1,"minecraft:stone_pickaxe":2,"minecraft:furnace":1,"minecraft:leather_helmet":1,"minecraft:torch":24,"minecraft:birch_planks":28,"minecraft:stone_axe":2,"minecraft:air":0},"minecraft:mined":{"minecraft:furnace":1,"minecraft:birch_log":7,"minecraft:andesite":12,"minecraft:torch":1,"minecraft:crafting_table":2,"minecraft:granite":10,"minecraft:grass":9,"minecraft:oak_log":4,"minecraft:grass_block":3,"minecraft:coal_ore":80,"minecraft:gravel":7,"minecraft:stone":85,"minecraft:deepslate":45,"minecraft:oak_leaves":2},"minecraft:killed":{"minecraft:skeleton":1,"minecraft:horse":2,"minecraft:zombie":6,"minecraft:pig":6,"minecraft:chicken":3,"minecraft:cow":22},"minecraft:used":{"minecraft:leather_leggings":1,"minecraft:stone_pickaxe":246,"minecraft:wooden_pickaxe":3,"minecraft:gravel":2,"minecraft:stone_axe":77,"minecraft:torch":13,"minecraft:dirt":19,"minecraft:crafting_table":3,"minecraft:furnace":2,"minecraft:egg":1,"minecraft:cooked_beef":6},"minecraft:dropped":{"minecraft:wheat_seeds":1},"minecraft:picked_up":{"minecraft:birch_log":7,"minecraft:crafting_table":2,"minecraft:cooked_beef":2,"minecraft:feather":4,"minecraft:chicken":3,"minecraft:andesite":12,"minecraft:leather":26,"minecraft:torch":1,"minecraft:gravel":7,"minecraft:porkchop":8,"minecraft:oak_log":4,"minecraft:dirt":19,"minecraft:rotten_flesh":2,"minecraft:wheat_seeds":3,"minecraft:cobbled_deepslate":44,"minecraft:beef":69,"minecraft:granite":14,"minecraft:coal":114,"minecraft:furnace":1,"minecraft:cobblestone":85,"minecraft:egg":2}},"DataVersion":3465}