{"stats":{"minecraft:custom":{"minecraft:time_since_rest":12292,"minecraft:interact_with_furnace":5,"minecraft:sprint_one_cm":47442,"minecraft:damage_taken":194,"minecraft:walk_one_cm":26432,"minecraft:mob_kills":38,"minecraft:drop":1,"minecraft:damage_dealt":4510,"minecraft:interact_with_crafting_table":6,"minecraft:fly_one_cm":70036,"minecraft:play_time":12292,"minecraft:jump":359,"minecraft:leave_game":1,"minecraft:time_since_death":12292,"minecraft:walk_on_water_one_cm":2404,"minecraft:total_world_time":12292,"minecraft:fall_one_cm":11155},"minecraft:crafted":{"minecraft:cooked_beef":13,"minecraft:oak_planks":16,"minecraft:leather_leggings":1,"minecraft:leather_boots":1,"minecraft:crafting_table":1,"minecraft:stick":16,"minecraft:leather_chestplate":1,"minecraft:wooden_pickaxe":1,"minecraft:stone_pickaxe":1,"minecraft:furnace":1,"minecraft:stone_axe":1,"minecraft:air":0},"minecraft:mined":{"minecraft:birch_log":7,"minecraft:crafting_table":1,"minecraft:grass":8,"minecraft:oak_log":4,"minecraft:grass_block":3,"minecraft:coal_ore":38,"minecraft:stone":17,"minecraft:oak_leaves":2},"minecraft:killed":{"minecraft:skeleton":1,"minecraft:horse":2,"minecraft:zombie":6,"minecraft:pig":6,"minecraft:chicken":3,"minecraft:cow":19},"minecraft:used":{"minecraft:leather_leggings":1,"minecraft:stone_pickaxe":52,"minecraft:wooden_pickaxe":3,"minecraft:stone_axe":73,"minecraft:dirt":11,"minecraft:crafting_table":2,"minecraft:furnace":1,"minecraft:egg":1,"minecraft:cooked_beef":3},"minecraft:dropped":{"minecraft:wheat_seeds":1},"minecraft:picked_up":{"minecraft:birch_log":7,"minecraft:crafting_table":1,"minecraft:feather":4,"minecraft:chicken":3,"minecraft:leather":23,"minecraft:porkchop":8,"minecraft:oak_log":4,"minecraft:dirt":19,"minecraft:rotten_flesh":2,"minecraft:wheat_seeds":3,"minecraft:beef":46,"minecraft:coal":38,"minecraft:cobblestone":17,"minecraft:egg":2}},"DataVersion":3465}