{"stats":{"minecraft:custom":{"minecraft:interact_with_furnace":49,"minecraft:mob_kills":122,"minecraft:interact_with_crafting_table":33,"minecraft:leave_game":4,"minecraft:time_since_death":111395,"minecraft:time_since_rest":111395,"minecraft:sprint_one_cm":396782,"minecraft:damage_taken":2513,"minecraft:walk_one_cm":245429,"minecraft:damage_blocked_by_shield":1750,"minecraft:drop":50,"minecraft:damage_dealt":19095,"minecraft:swim_one_cm":1161,"minecraft:fly_one_cm":455354,"minecraft:open_chest":17,"minecraft:play_time":111395,"minecraft:crouch_one_cm":2174,"minecraft:sneak_time":2157,"minecraft:walk_under_water_one_cm":6639,"minecraft:jump":2799,"minecraft:walk_on_water_one_cm":8393,"minecraft:total_world_time":111395,"minecraft:fall_one_cm":87802},"minecraft:broken":{"minecraft:stone_pickaxe":2,"minecraft:iron_axe":1,"minecraft:stone_axe":1,"minecraft:iron_pickaxe":1},"minecraft:crafted":{"minecraft:cooked_beef":48,"minecraft:oak_planks":16,"minecraft:arrow":16,"minecraft:diamond_axe":1,"minecraft:leather_leggings":1,"minecraft:leather_boots":1,"minecraft:crafting_table":2,"minecraft:cooked_chicken":3,"minecraft:wooden_pickaxe":1,"minecraft:iron_helmet":1,"minecraft:furnace":2,"minecraft:leather_helmet":1,"minecraft:birch_planks":28,"minecraft:stone_axe":2,"minecraft:bread":2,"minecraft:air":0,"minecraft:bow":1,"minecraft:iron_chestplate":1,"minecraft:iron_boots":1,"minecraft:diamond_pickaxe":1,"minecraft:shield":1,"minecraft:iron_axe":1,"minecraft:stick":36,"minecraft:leather_chestplate":1,"minecraft:iron_ingot":44,"minecraft:iron_pickaxe":1,"minecraft:stone_pickaxe":3,"minecraft:gold_ingot":11,"minecraft:iron_leggings":1,"minecraft:redstone_block":36,"minecraft:torch":48},"minecraft:mined":{"minecraft:deepslate_redstone_ore":79,"minecraft:tuff":64,"minecraft:deepslate_diamond_ore":12,"minecraft:crafting_table":9,"minecraft:torch":29,"minecraft:granite":10,"minecraft:grass_block":3,"minecraft:cobblestone":4,"minecraft:deepslate_gold_ore":100,"minecraft:sugar_cane":2,"minecraft:wall_torch":8,"minecraft:spawner":3,"minecraft:furnace":5,"minecraft:iron_ore":6,"minecraft:birch_log":7,"minecraft:cobbled_deepslate":3,"minecraft:andesite":12,"minecraft:deepslate_lapis_ore":12,"minecraft:grass":11,"minecraft:oak_log":4,"minecraft:coal_ore":95,"minecraft:deepslate_iron_ore":72,"minecraft:gravel":53,"minecraft:stone":86,"minecraft:gold_ore":1,"minecraft:oak_leaves":2,"minecraft:deepslate":195},"minecraft:killed":{"minecraft:pig":6,"minecraft:spider":11,"minecraft:creeper":6,"minecraft:horse":2,"minecraft:skeleton":28,"minecraft:zombie":34,"minecraft:chicken":8,"minecraft:cow":22},"minecraft:used":{"minecraft:leather_leggings":1,"minecraft:stone_pickaxe":350,"minecraft:wooden_pickaxe":3,"minecraft:shield":64,"minecraft:diamond_axe":67,"minecraft:cooked_chicken":3,"minecraft:torch":63,"minecraft:dirt":22,"minecraft:crafting_table":11,"minecraft:tuff":67,"minecraft:diamond_pickaxe":184,"minecraft:bread":5,"minecraft:iron_axe":127,"minecraft:iron_pickaxe":256,"minecraft:gravel":49,"minecraft:stone_axe":91,"minecraft:bow":13,"minecraft:cobblestone":5,"minecraft:furnace":7,"minecraft:andesite":12,"minecraft:egg":2,"minecraft:cooked_beef":32,"minecraft:cobbled_deepslate":194},"minecraft:dropped":{"minecraft:stone_axe":1,"minecraft:wheat_seeds":1,"minecraft:lapis_lazuli":12,"minecraft:cobbled_deepslate":1,"minecraft:rotten_flesh":19,"minecraft:leather_helmet":1,"minecraft:leather_boots":1,"minecraft:leather_leggings":1,"minecraft:spider_eye":1,"minecraft:stone_pickaxe":1,"minecraft:wooden_pickaxe":1,"minecraft:redstone":28},"minecraft:picked_up":{"minecraft:birch_log":7,"minecraft:crafting_table":9,"minecraft:feather":8,"minecraft:cooked_beef":2,"minecraft:chicken":8,"minecraft:glow_ink_sac":7,"minecraft:andesite":12,"minecraft:leather":26,"minecraft:flint":4,"minecraft:tuff":67,"minecraft:oak_log":4,"minecraft:gunpowder":6,"minecraft:dirt":22,"minecraft:lapis_lazuli":76,"minecraft:string":12,"minecraft:bone":27,"minecraft:bow":2,"minecraft:wheat_seeds":3,"minecraft:cobbled_deepslate":205,"minecraft:raw_gold":103,"minecraft:iron_ingot":1,"minecraft:beef":69,"minecraft:sugar_cane":6,"minecraft:furnace":5,"minecraft:egg":2,"minecraft:raw_iron":77,"minecraft:torch":40,"minecraft:gravel":49,"minecraft:porkchop":8,"minecraft:redstone":355,"minecraft:spider_eye":2,"minecraft:arrow":21,"minecraft:rotten_flesh":26,"minecraft:diamond":12,"minecraft:granite":14,"minecraft:coal":251,"minecraft:cobblestone":89}},"DataVersion":3465}