{"stats":{"minecraft:custom":{"minecraft:interact_with_furnace":35,"minecraft:mob_kills":88,"minecraft:interact_with_crafting_table":21,"minecraft:leave_game":3,"minecraft:time_since_death":82191,"minecraft:time_since_rest":82191,"minecraft:sprint_one_cm":263561,"minecraft:damage_taken":1828,"minecraft:walk_one_cm":176500,"minecraft:damage_blocked_by_shield":1330,"minecraft:drop":44,"minecraft:damage_dealt":14000,"minecraft:swim_one_cm":1034,"minecraft:fly_one_cm":293698,"minecraft:open_chest":5,"minecraft:play_time":82191,"minecraft:crouch_one_cm":2171,"minecraft:sneak_time":2064,"minecraft:walk_under_water_one_cm":4444,"minecraft:jump":1835,"minecraft:walk_on_water_one_cm":6005,"minecraft:total_world_time":82191,"minecraft:fall_one_cm":57756},"minecraft:broken":{"minecraft:stone_pickaxe":2,"minecraft:stone_axe":1,"minecraft:iron_pickaxe":1},"minecraft:crafted":{"minecraft:cooked_beef":48,"minecraft:oak_planks":16,"minecraft:leather_leggings":1,"minecraft:leather_boots":1,"minecraft:crafting_table":2,"minecraft:cooked_chicken":3,"minecraft:wooden_pickaxe":1,"minecraft:iron_helmet":1,"minecraft:furnace":2,"minecraft:leather_helmet":1,"minecraft:birch_planks":28,"minecraft:stone_axe":2,"minecraft:bread":2,"minecraft:air":0,"minecraft:iron_boots":1,"minecraft:diamond_pickaxe":1,"minecraft:shield":1,"minecraft:iron_axe":1,"minecraft:stick":28,"minecraft:leather_chestplate":1,"minecraft:iron_ingot":23,"minecraft:iron_pickaxe":1,"minecraft:stone_pickaxe":3,"minecraft:iron_leggings":1,"minecraft:redstone_block":25,"minecraft:torch":40},"minecraft:mined":{"minecraft:deepslate_redstone_ore":69,"minecraft:tuff":64,"minecraft:deepslate_diamond_ore":8,"minecraft:crafting_table":8,"minecraft:torch":15,"minecraft:granite":10,"minecraft:grass_block":3,"minecraft:cobblestone":4,"minecraft:deepslate_gold_ore":67,"minecraft:wall_torch":8,"minecraft:spawner":2,"minecraft:furnace":3,"minecraft:iron_ore":1,"minecraft:birch_log":7,"minecraft:cobbled_deepslate":3,"minecraft:andesite":12,"minecraft:deepslate_lapis_ore":12,"minecraft:grass":9,"minecraft:oak_log":4,"minecraft:coal_ore":80,"minecraft:deepslate_iron_ore":42,"minecraft:gravel":7,"minecraft:stone":85,"minecraft:oak_leaves":2,"minecraft:deepslate":184},"minecraft:killed":{"minecraft:pig":6,"minecraft:spider":8,"minecraft:horse":2,"minecraft:skeleton":18,"minecraft:zombie":24,"minecraft:chicken":3,"minecraft:cow":22},"minecraft:used":{"minecraft:leather_leggings":1,"minecraft:stone_pickaxe":350,"minecraft:wooden_pickaxe":3,"minecraft:shield":48,"minecraft:cooked_chicken":3,"minecraft:torch":60,"minecraft:dirt":19,"minecraft:crafting_table":9,"minecraft:tuff":49,"minecraft:diamond_pickaxe":70,"minecraft:bread":4,"minecraft:iron_axe":118,"minecraft:iron_pickaxe":256,"minecraft:gravel":2,"minecraft:stone_axe":91,"minecraft:cobblestone":5,"minecraft:furnace":4,"minecraft:andesite":12,"minecraft:egg":1,"minecraft:cooked_beef":22,"minecraft:cobbled_deepslate":99},"minecraft:dropped":{"minecraft:stone_axe":1,"minecraft:wheat_seeds":1,"minecraft:lapis_lazuli":12,"minecraft:cobbled_deepslate":1,"minecraft:rotten_flesh":10,"minecraft:leather_helmet":1,"minecraft:leather_boots":1,"minecraft:leather_leggings":1,"minecraft:spider_eye":1,"minecraft:stone_pickaxe":1,"minecraft:wooden_pickaxe":1,"minecraft:redstone":28},"minecraft:picked_up":{"minecraft:birch_log":7,"minecraft:crafting_table":8,"minecraft:feather":4,"minecraft:cooked_beef":2,"minecraft:chicken":3,"minecraft:andesite":12,"minecraft:leather":26,"minecraft:tuff":67,"minecraft:oak_log":4,"minecraft:dirt":19,"minecraft:lapis_lazuli":76,"minecraft:string":10,"minecraft:bone":17,"minecraft:bow":1,"minecraft:wheat_seeds":3,"minecraft:cobbled_deepslate":196,"minecraft:raw_gold":69,"minecraft:beef":69,"minecraft:furnace":3,"minecraft:egg":2,"minecraft:raw_iron":43,"minecraft:torch":27,"minecraft:gravel":7,"minecraft:porkchop":8,"minecraft:redstone":308,"minecraft:spider_eye":2,"minecraft:arrow":14,"minecraft:rotten_flesh":16,"minecraft:diamond":8,"minecraft:granite":14,"minecraft:coal":236,"minecraft:cobblestone":88}},"DataVersion":3465}