{"stats":{"minecraft:picked_up":{"minecraft:wheat_seeds":1,"minecraft:dirt":3,"minecraft:egg":1},"minecraft:used":{"minecraft:egg":1,"minecraft:dirt":2},"minecraft:custom":{"minecraft:jump":71,"minecraft:time_since_rest":2094,"minecraft:leave_game":1,"minecraft:walk_on_water_one_cm":429,"minecraft:sprint_one_cm":14187,"minecraft:play_time":2094,"minecraft:damage_taken":20,"minecraft:time_since_death":2094,"minecraft:walk_one_cm":2696,"minecraft:total_world_time":2094,"minecraft:drop":1,"minecraft:fall_one_cm":2285,"minecraft:fly_one_cm":18627},"minecraft:dropped":{"minecraft:wheat_seeds":1},"minecraft:mined":{"minecraft:grass":2,"minecraft:grass_block":3}},"DataVersion":3465}