{"stats":{"minecraft:custom":{"minecraft:time_since_rest":29747,"minecraft:interact_with_furnace":24,"minecraft:sprint_one_cm":56628,"minecraft:damage_taken":160,"minecraft:walk_one_cm":65557,"minecraft:mob_kills":22,"minecraft:drop":2,"minecraft:damage_dealt":2401,"minecraft:swim_one_cm":4281,"minecraft:interact_with_crafting_table":9,"minecraft:fly_one_cm":140770,"minecraft:open_chest":1,"minecraft:crouch_one_cm":7843,"minecraft:play_time":29747,"minecraft:sneak_time":3188,"minecraft:walk_under_water_one_cm":9472,"minecraft:jump":838,"minecraft:leave_game":1,"minecraft:walk_on_water_one_cm":5194,"minecraft:time_since_death":29747,"minecraft:total_world_time":29747,"minecraft:fall_one_cm":28146},"minecraft:crafted":{"minecraft:cooked_beef":7,"minecraft:oak_planks":44,"minecraft:diamond_helmet":1,"minecraft:diamond_leggings":1,"minecraft:iron_chestplate":1,"minecraft:charcoal":6,"minecraft:shield":1,"minecraft:crafting_table":2,"minecraft:stick":12,"minecraft:iron_pickaxe":1,"minecraft:iron_ingot":14,"minecraft:wooden_pickaxe":1,"minecraft:stone_pickaxe":1,"minecraft:wooden_axe":1,"minecraft:stone_axe":1,"minecraft:air":0},"minecraft:mined":{"minecraft:tuff":7,"minecraft:furnace":2,"minecraft:deepslate_diamond_ore":12,"minecraft:iron_ore":13,"minecraft:crafting_table":5,"minecraft:grass":1,"minecraft:coal_ore":18,"minecraft:oak_log":31,"minecraft:deepslate_iron_ore":3,"minecraft:tall_grass":1,"minecraft:deepslate_gold_ore":1,"minecraft:stone":70,"minecraft:deepslate":45,"minecraft:oak_leaves":1},"minecraft:killed":{"minecraft:skeleton":1,"minecraft:zombie":1,"minecraft:pig":11,"minecraft:cow":9},"minecraft:used":{"minecraft:wooden_axe":44,"minecraft:iron_pickaxe":69,"minecraft:stone_pickaxe":84,"minecraft:oak_planks":16,"minecraft:wooden_pickaxe":18,"minecraft:iron_chestplate":1,"minecraft:stone_axe":23,"minecraft:cobblestone":64,"minecraft:crafting_table":6,"minecraft:furnace":1,"minecraft:porkchop":4,"minecraft:diamond_helmet":1,"minecraft:egg":2,"minecraft:cooked_beef":3,"minecraft:cobbled_deepslate":34},"minecraft:dropped":{"minecraft:wooden_axe":1,"minecraft:wooden_pickaxe":1},"minecraft:picked_up":{"minecraft:charcoal":2,"minecraft:raw_iron":17,"minecraft:crafting_table":5,"minecraft:leather":9,"minecraft:porkchop":22,"minecraft:tuff":7,"minecraft:oak_log":31,"minecraft:string":1,"minecraft:bone":2,"minecraft:arrow":5,"minecraft:diamond":12,"minecraft:cobbled_deepslate":43,"minecraft:raw_gold":1,"minecraft:beef":31,"minecraft:coal":34,"minecraft:furnace":2,"minecraft:cobblestone":70,"minecraft:egg":2}},"DataVersion":3465}