{"stats":{"minecraft:custom":{"minecraft:interact_with_furnace":24,"minecraft:mob_kills":25,"minecraft:interact_with_crafting_table":9,"minecraft:leave_game":1,"minecraft:time_since_death":40740,"minecraft:sleep_in_bed":1,"minecraft:time_since_rest":1497,"minecraft:sprint_one_cm":81977,"minecraft:damage_taken":194,"minecraft:walk_one_cm":83587,"minecraft:damage_blocked_by_shield":270,"minecraft:drop":3,"minecraft:damage_dealt":3016,"minecraft:swim_one_cm":5388,"minecraft:fly_one_cm":218816,"minecraft:open_chest":1,"minecraft:crouch_one_cm":8217,"minecraft:play_time":40740,"minecraft:sneak_time":3325,"minecraft:walk_under_water_one_cm":9538,"minecraft:jump":1308,"minecraft:walk_on_water_one_cm":5657,"minecraft:interact_with_smoker":2,"minecraft:total_world_time":40740,"minecraft:fall_one_cm":38912},"minecraft:crafted":{"minecraft:cooked_beef":7,"minecraft:oak_planks":96,"minecraft:crafting_table":2,"minecraft:wooden_pickaxe":1,"minecraft:stone_axe":1,"minecraft:air":0,"minecraft:diamond_helmet":1,"minecraft:diamond_leggings":1,"minecraft:iron_chestplate":1,"minecraft:charcoal":6,"minecraft:shield":1,"minecraft:stick":12,"minecraft:iron_ingot":14,"minecraft:iron_pickaxe":1,"minecraft:stone_pickaxe":1,"minecraft:wooden_axe":1},"minecraft:mined":{"minecraft:tuff":10,"minecraft:deepslate_diamond_ore":12,"minecraft:crafting_table":5,"minecraft:tall_grass":1,"minecraft:deepslate_gold_ore":1,"minecraft:furnace":2,"minecraft:iron_ore":13,"minecraft:grass":1,"minecraft:coal_ore":61,"minecraft:oak_log":31,"minecraft:deepslate_iron_ore":11,"minecraft:stone":74,"minecraft:oak_leaves":1,"minecraft:deepslate":95},"minecraft:killed":{"minecraft:pig":11,"minecraft:skeleton":2,"minecraft:zombie":3,"minecraft:cow":9},"minecraft:used":{"minecraft:stone_pickaxe":84,"minecraft:oak_planks":18,"minecraft:wooden_pickaxe":18,"minecraft:shield":8,"minecraft:iron_chestplate":1,"minecraft:crafting_table":6,"minecraft:diamond_helmet":1,"minecraft:tuff":10,"minecraft:wooden_axe":44,"minecraft:iron_pickaxe":177,"minecraft:stone_axe":34,"minecraft:cobblestone":68,"minecraft:furnace":1,"minecraft:porkchop":4,"minecraft:egg":2,"minecraft:cooked_beef":5,"minecraft:cobbled_deepslate":53},"minecraft:dropped":{"minecraft:leather":9,"minecraft:wooden_axe":1,"minecraft:wooden_pickaxe":1},"minecraft:picked_up":{"minecraft:charcoal":2,"minecraft:crafting_table":5,"minecraft:leather":18,"minecraft:tuff":10,"minecraft:oak_log":31,"minecraft:string":1,"minecraft:bone":2,"minecraft:cobbled_deepslate":93,"minecraft:raw_gold":1,"minecraft:beef":31,"minecraft:egg":3,"minecraft:furnace":2,"minecraft:raw_iron":25,"minecraft:porkchop":22,"minecraft:arrow":5,"minecraft:rotten_flesh":4,"minecraft:diamond":12,"minecraft:coal":73,"minecraft:cobblestone":74}},"DataVersion":3465}