{"stats":{"minecraft:custom":{"minecraft:interact_with_furnace":29,"minecraft:mob_kills":70,"minecraft:interact_with_crafting_table":14,"minecraft:leave_game":2,"minecraft:time_since_death":64875,"minecraft:sleep_in_bed":1,"minecraft:time_since_rest":25632,"minecraft:sprint_one_cm":183723,"minecraft:damage_taken":462,"minecraft:walk_one_cm":136564,"minecraft:damage_blocked_by_shield":345,"minecraft:drop":13,"minecraft:damage_dealt":9477,"minecraft:talked_to_villager":1,"minecraft:swim_one_cm":7073,"minecraft:fly_one_cm":426743,"minecraft:open_chest":4,"minecraft:crouch_one_cm":10514,"minecraft:play_time":64875,"minecraft:sneak_time":4187,"minecraft:walk_under_water_one_cm":15285,"minecraft:jump":2281,"minecraft:walk_on_water_one_cm":8095,"minecraft:interact_with_smoker":11,"minecraft:total_world_time":64875,"minecraft:fall_one_cm":69545},"minecraft:crafted":{"minecraft:cooked_beef":19,"minecraft:oak_planks":96,"minecraft:cooked_porkchop":18,"minecraft:crafting_table":2,"minecraft:wooden_pickaxe":1,"minecraft:iron_sword":1,"minecraft:bucket":1,"minecraft:stone_axe":1,"minecraft:air":0,"minecraft:diamond_helmet":1,"minecraft:iron_boots":1,"minecraft:diamond_leggings":1,"minecraft:iron_chestplate":1,"minecraft:charcoal":6,"minecraft:shield":1,"minecraft:iron_axe":1,"minecraft:stick":16,"minecraft:iron_ingot":25,"minecraft:iron_pickaxe":2,"minecraft:stone_pickaxe":1,"minecraft:wooden_axe":1,"minecraft:gold_ingot":1},"minecraft:mined":{"minecraft:tuff":10,"minecraft:deepslate_diamond_ore":12,"minecraft:crafting_table":7,"minecraft:tall_grass":2,"minecraft:deepslate_gold_ore":1,"minecraft:sugar_cane":6,"minecraft:furnace":2,"minecraft:iron_ore":25,"minecraft:yellow_bed":1,"minecraft:grass":7,"minecraft:pointed_dripstone":2,"minecraft:coal_ore":80,"minecraft:oak_log":31,"minecraft:deepslate_iron_ore":11,"minecraft:stone":91,"minecraft:oak_leaves":1,"minecraft:deepslate":95},"minecraft:killed":{"minecraft:pig":24,"minecraft:creeper":3,"minecraft:sheep":1,"minecraft:skeleton":4,"minecraft:pillager":5,"minecraft:zombie":14,"minecraft:cow":18},"minecraft:used":{"minecraft:water_bucket":21,"minecraft:stone_pickaxe":84,"minecraft:oak_planks":18,"minecraft:wooden_pickaxe":18,"minecraft:shield":12,"minecraft:iron_sword":85,"minecraft:iron_chestplate":1,"minecraft:crafting_table":9,"minecraft:crossbow":4,"minecraft:diamond_helmet":1,"minecraft:tuff":10,"minecraft:wooden_axe":44,"minecraft:iron_axe":35,"minecraft:iron_pickaxe":227,"minecraft:iron_boots":1,"minecraft:stone_axe":34,"minecraft:cobblestone":74,"minecraft:furnace":1,"minecraft:porkchop":4,"minecraft:bucket":22,"minecraft:egg":2,"minecraft:cooked_beef":11,"minecraft:cobbled_deepslate":56},"minecraft:dropped":{"minecraft:golden_boots":1,"minecraft:stone_axe":1,"minecraft:wheat_seeds":2,"minecraft:pointed_dripstone":3,"minecraft:crossbow":1,"minecraft:rotten_flesh":8,"minecraft:leather":9,"minecraft:wooden_axe":1,"minecraft:stone_pickaxe":1,"minecraft:wooden_pickaxe":1,"minecraft:iron_pickaxe":1},"minecraft:picked_up":{"minecraft:charcoal":2,"minecraft:crafting_table":8,"minecraft:leather":24,"minecraft:tuff":10,"minecraft:oak_log":31,"minecraft:yellow_bed":1,"minecraft:string":1,"minecraft:bone":4,"minecraft:wheat_seeds":2,"minecraft:cobbled_deepslate":93,"minecraft:raw_gold":1,"minecraft:beef":40,"minecraft:sugar_cane":16,"minecraft:egg":3,"minecraft:furnace":2,"minecraft:raw_iron":37,"minecraft:porkchop":42,"minecraft:pointed_dripstone":3,"minecraft:arrow":6,"minecraft:rotten_flesh":8,"minecraft:diamond":12,"minecraft:crossbow":1,"minecraft:coal":92,"minecraft:white_wool":1,"minecraft:cobblestone":92}},"DataVersion":3465}