{"stats":{"minecraft:custom":{"minecraft:interact_with_furnace":29,"minecraft:mob_kills":25,"minecraft:interact_with_crafting_table":13,"minecraft:leave_game":1,"minecraft:time_since_death":52740,"minecraft:sleep_in_bed":1,"minecraft:time_since_rest":13497,"minecraft:sprint_one_cm":114852,"minecraft:damage_taken":257,"minecraft:walk_one_cm":108885,"minecraft:damage_blocked_by_shield":270,"minecraft:drop":10,"minecraft:damage_dealt":3016,"minecraft:talked_to_villager":1,"minecraft:swim_one_cm":5388,"minecraft:fly_one_cm":289303,"minecraft:open_chest":3,"minecraft:crouch_one_cm":9706,"minecraft:play_time":52740,"minecraft:sneak_time":3990,"minecraft:walk_under_water_one_cm":14820,"minecraft:jump":1664,"minecraft:walk_on_water_one_cm":6971,"minecraft:interact_with_smoker":11,"minecraft:total_world_time":52740,"minecraft:fall_one_cm":51632},"minecraft:crafted":{"minecraft:cooked_beef":19,"minecraft:oak_planks":96,"minecraft:cooked_porkchop":18,"minecraft:crafting_table":2,"minecraft:wooden_pickaxe":1,"minecraft:bucket":1,"minecraft:stone_axe":1,"minecraft:air":0,"minecraft:diamond_helmet":1,"minecraft:iron_boots":1,"minecraft:diamond_leggings":1,"minecraft:iron_chestplate":1,"minecraft:charcoal":6,"minecraft:shield":1,"minecraft:iron_axe":1,"minecraft:stick":16,"minecraft:iron_ingot":25,"minecraft:iron_pickaxe":2,"minecraft:stone_pickaxe":1,"minecraft:wooden_axe":1,"minecraft:gold_ingot":1},"minecraft:mined":{"minecraft:tuff":10,"minecraft:deepslate_diamond_ore":12,"minecraft:crafting_table":6,"minecraft:tall_grass":1,"minecraft:deepslate_gold_ore":1,"minecraft:furnace":2,"minecraft:iron_ore":25,"minecraft:yellow_bed":1,"minecraft:grass":1,"minecraft:pointed_dripstone":2,"minecraft:coal_ore":80,"minecraft:oak_log":31,"minecraft:deepslate_iron_ore":11,"minecraft:stone":80,"minecraft:oak_leaves":1,"minecraft:deepslate":95},"minecraft:killed":{"minecraft:pig":11,"minecraft:skeleton":2,"minecraft:zombie":3,"minecraft:cow":9},"minecraft:used":{"minecraft:water_bucket":21,"minecraft:stone_pickaxe":84,"minecraft:oak_planks":18,"minecraft:wooden_pickaxe":18,"minecraft:shield":8,"minecraft:iron_chestplate":1,"minecraft:crafting_table":8,"minecraft:diamond_helmet":1,"minecraft:tuff":10,"minecraft:wooden_axe":44,"minecraft:iron_axe":1,"minecraft:iron_pickaxe":216,"minecraft:iron_boots":1,"minecraft:stone_axe":34,"minecraft:cobblestone":73,"minecraft:furnace":1,"minecraft:porkchop":4,"minecraft:bucket":22,"minecraft:egg":2,"minecraft:cooked_beef":7,"minecraft:cobbled_deepslate":56},"minecraft:dropped":{"minecraft:golden_boots":1,"minecraft:stone_axe":1,"minecraft:pointed_dripstone":3,"minecraft:leather":9,"minecraft:wooden_axe":1,"minecraft:stone_pickaxe":1,"minecraft:wooden_pickaxe":1,"minecraft:iron_pickaxe":1},"minecraft:picked_up":{"minecraft:charcoal":2,"minecraft:crafting_table":7,"minecraft:leather":18,"minecraft:tuff":10,"minecraft:oak_log":31,"minecraft:yellow_bed":1,"minecraft:string":1,"minecraft:bone":2,"minecraft:cobbled_deepslate":93,"minecraft:raw_gold":1,"minecraft:beef":31,"minecraft:egg":3,"minecraft:furnace":2,"minecraft:raw_iron":37,"minecraft:porkchop":22,"minecraft:pointed_dripstone":3,"minecraft:arrow":5,"minecraft:rotten_flesh":4,"minecraft:diamond":12,"minecraft:coal":92,"minecraft:cobblestone":81}},"DataVersion":3465}