{"stats":{"minecraft:custom":{"minecraft:time_since_rest":17954,"minecraft:interact_with_furnace":15,"minecraft:sprint_one_cm":42149,"minecraft:damage_taken":50,"minecraft:walk_one_cm":47644,"minecraft:mob_kills":20,"minecraft:drop":2,"minecraft:damage_dealt":2000,"minecraft:swim_one_cm":2492,"minecraft:interact_with_crafting_table":5,"minecraft:fly_one_cm":99653,"minecraft:open_chest":1,"minecraft:crouch_one_cm":619,"minecraft:play_time":17954,"minecraft:sneak_time":319,"minecraft:walk_under_water_one_cm":341,"minecraft:jump":522,"minecraft:walk_on_water_one_cm":1139,"minecraft:time_since_death":17954,"minecraft:total_world_time":17954,"minecraft:fall_one_cm":17789},"minecraft:crafted":{"minecraft:cooked_beef":7,"minecraft:oak_planks":44,"minecraft:charcoal":6,"minecraft:crafting_table":2,"minecraft:stick":12,"minecraft:iron_pickaxe":1,"minecraft:iron_ingot":3,"minecraft:wooden_pickaxe":1,"minecraft:stone_pickaxe":1,"minecraft:wooden_axe":1,"minecraft:stone_axe":1,"minecraft:air":0},"minecraft:mined":{"minecraft:furnace":1,"minecraft:iron_ore":13,"minecraft:crafting_table":2,"minecraft:grass":1,"minecraft:coal_ore":18,"minecraft:oak_log":31,"minecraft:tall_grass":1,"minecraft:stone":70,"minecraft:oak_leaves":1},"minecraft:killed":{"minecraft:pig":11,"minecraft:cow":9},"minecraft:used":{"minecraft:wooden_axe":44,"minecraft:stone_pickaxe":84,"minecraft:oak_planks":2,"minecraft:wooden_pickaxe":18,"minecraft:stone_axe":12,"minecraft:crafting_table":4,"minecraft:furnace":1,"minecraft:porkchop":4,"minecraft:egg":2,"minecraft:cooked_beef":1},"minecraft:dropped":{"minecraft:wooden_axe":1,"minecraft:wooden_pickaxe":1},"minecraft:picked_up":{"minecraft:charcoal":2,"minecraft:raw_iron":14,"minecraft:crafting_table":2,"minecraft:leather":9,"minecraft:porkchop":22,"minecraft:oak_log":31,"minecraft:string":1,"minecraft:bone":2,"minecraft:arrow":3,"minecraft:beef":31,"minecraft:coal":18,"minecraft:furnace":1,"minecraft:cobblestone":70,"minecraft:egg":2}},"DataVersion":3465}