{"stats":{"minecraft:killed":{"minecraft:pig":24,"minecraft:spider":3,"minecraft:creeper":3,"minecraft:sheep":4,"minecraft:skeleton":5,"minecraft:pillager":5,"minecraft:zombie":14,"minecraft:chicken":3,"minecraft:cow":20},"minecraft:custom":{"minecraft:interact_with_furnace":29,"minecraft:mob_kills":82,"minecraft:interact_with_crafting_table":14,"minecraft:leave_game":2,"minecraft:time_since_death":67679,"minecraft:sleep_in_bed":1,"minecraft:time_since_rest":28436,"minecraft:sprint_one_cm":201326,"minecraft:damage_taken":505,"minecraft:walk_one_cm":144478,"minecraft:damage_blocked_by_shield":390,"minecraft:drop":13,"minecraft:damage_dealt":10717,"minecraft:swim_one_cm":7817,"minecraft:talked_to_villager":1,"minecraft:fly_one_cm":454080,"minecraft:open_chest":4,"minecraft:play_time":67679,"minecraft:crouch_one_cm":10514,"minecraft:sneak_time":4190,"minecraft:walk_under_water_one_cm":15356,"minecraft:jump":2410,"minecraft:walk_on_water_one_cm":9001,"minecraft:interact_with_smoker":11,"minecraft:total_world_time":67679,"minecraft:fall_one_cm":71964},"minecraft:picked_up":{"minecraft:charcoal":2,"minecraft:crafting_table":8,"minecraft:leather":24,"minecraft:tuff":10,"minecraft:oak_log":31,"minecraft:yellow_bed":1,"minecraft:string":4,"minecraft:bone":5,"minecraft:wheat_seeds":2,"minecraft:cobbled_deepslate":93,"minecraft:raw_gold":1,"minecraft:beef":43,"minecraft:sugar_cane":21,"minecraft:furnace":2,"minecraft:egg":3,"minecraft:raw_iron":37,"minecraft:porkchop":42,"minecraft:pointed_dripstone":3,"minecraft:arrow":7,"minecraft:rotten_flesh":8,"minecraft:diamond":12,"minecraft:crossbow":1,"minecraft:mutton":6,"minecraft:coal":92,"minecraft:white_wool":4,"minecraft:cobblestone":92},"minecraft:crafted":{"minecraft:cooked_beef":19,"minecraft:oak_planks":96,"minecraft:cooked_porkchop":18,"minecraft:crafting_table":2,"minecraft:wooden_pickaxe":1,"minecraft:iron_sword":1,"minecraft:bucket":1,"minecraft:stone_axe":1,"minecraft:air":0,"minecraft:diamond_helmet":1,"minecraft:diamond_leggings":1,"minecraft:iron_boots":1,"minecraft:iron_chestplate":1,"minecraft:charcoal":6,"minecraft:shield":1,"minecraft:iron_axe":1,"minecraft:stick":16,"minecraft:iron_ingot":25,"minecraft:iron_pickaxe":2,"minecraft:stone_pickaxe":1,"minecraft:wooden_axe":1,"minecraft:gold_ingot":1},"minecraft:used":{"minecraft:water_bucket":21,"minecraft:stone_pickaxe":84,"minecraft:oak_planks":18,"minecraft:wooden_pickaxe":18,"minecraft:shield":13,"minecraft:iron_sword":110,"minecraft:iron_chestplate":1,"minecraft:crafting_table":9,"minecraft:diamond_helmet":1,"minecraft:crossbow":7,"minecraft:tuff":10,"minecraft:wooden_axe":44,"minecraft:iron_axe":35,"minecraft:iron_pickaxe":227,"minecraft:iron_boots":1,"minecraft:stone_axe":34,"minecraft:cobblestone":74,"minecraft:furnace":1,"minecraft:porkchop":4,"minecraft:bucket":22,"minecraft:egg":2,"minecraft:cooked_beef":12,"minecraft:cobbled_deepslate":56},"minecraft:mined":{"minecraft:tuff":10,"minecraft:deepslate_diamond_ore":12,"minecraft:crafting_table":7,"minecraft:tall_grass":2,"minecraft:deepslate_gold_ore":1,"minecraft:sugar_cane":8,"minecraft:furnace":2,"minecraft:iron_ore":25,"minecraft:yellow_bed":1,"minecraft:grass":8,"minecraft:oak_log":31,"minecraft:pointed_dripstone":2,"minecraft:coal_ore":80,"minecraft:deepslate_iron_ore":11,"minecraft:stone":91,"minecraft:oak_leaves":1,"minecraft:deepslate":95},"minecraft:dropped":{"minecraft:golden_boots":1,"minecraft:stone_axe":1,"minecraft:wheat_seeds":2,"minecraft:pointed_dripstone":3,"minecraft:crossbow":1,"minecraft:rotten_flesh":8,"minecraft:leather":9,"minecraft:wooden_axe":1,"minecraft:stone_pickaxe":1,"minecraft:wooden_pickaxe":1,"minecraft:iron_pickaxe":1}},"DataVersion":3465}