{"stats":{"minecraft:custom":{"minecraft:time_since_rest":5954,"minecraft:crouch_one_cm":619,"minecraft:play_time":5954,"minecraft:sprint_one_cm":9684,"minecraft:damage_taken":20,"minecraft:walk_one_cm":11651,"minecraft:sneak_time":319,"minecraft:walk_under_water_one_cm":170,"minecraft:drop":1,"minecraft:jump":137,"minecraft:time_since_death":5954,"minecraft:walk_on_water_one_cm":140,"minecraft:total_world_time":5954,"minecraft:swim_one_cm":704,"minecraft:interact_with_crafting_table":2,"minecraft:fall_one_cm":4191,"minecraft:fly_one_cm":28177},"minecraft:crafted":{"minecraft:oak_planks":44,"minecraft:crafting_table":1,"minecraft:stick":12,"minecraft:stone_pickaxe":1,"minecraft:wooden_pickaxe":1,"minecraft:wooden_axe":1},"minecraft:mined":{"minecraft:grass":1,"minecraft:oak_log":26,"minecraft:stone":39,"minecraft:oak_leaves":1,"minecraft:crafting_table":1},"minecraft:used":{"minecraft:wooden_axe":25,"minecraft:crafting_table":2,"minecraft:stone_pickaxe":21,"minecraft:wooden_pickaxe":18,"minecraft:egg":1},"minecraft:dropped":{"minecraft:wooden_pickaxe":1},"minecraft:picked_up":{"minecraft:crafting_table":1,"minecraft:oak_log":26,"minecraft:cobblestone":38,"minecraft:egg":1}},"DataVersion":3465}