{"stats":{"minecraft:killed":{"minecraft:sheep":2,"minecraft:skeleton":2,"minecraft:zombie":1,"minecraft:chicken":2,"minecraft:spider":1},"minecraft:mined":{"minecraft:yellow_bed":1,"minecraft:grass":5,"minecraft:grass_block":3,"minecraft:dirt":3,"minecraft:oak_leaves":1},"minecraft:used":{"minecraft:bread":3,"minecraft:white_wool":1,"minecraft:stone_axe":12,"minecraft:dirt":4,"minecraft:mutton":1,"minecraft:egg":1,"minecraft:potato":1,"minecraft:iron_leggings":1},"minecraft:picked_up":{"minecraft:chicken":2,"minecraft:yellow_bed":1,"minecraft:dirt":5,"minecraft:bone":2,"minecraft:arrow":3,"minecraft:rotten_flesh":1,"minecraft:stone_axe":1,"minecraft:rabbit":1,"minecraft:mutton":3,"minecraft:white_wool":2,"minecraft:egg":1},"minecraft:dropped":{"minecraft:bread":3},"minecraft:custom":{"minecraft:time_since_rest":7514,"minecraft:sprint_one_cm":24492,"minecraft:damage_taken":197,"minecraft:walk_one_cm":27075,"minecraft:mob_kills":8,"minecraft:drop":3,"minecraft:damage_dealt":1082,"minecraft:swim_one_cm":687,"minecraft:fly_one_cm":49344,"minecraft:open_chest":3,"minecraft:crouch_one_cm":38,"minecraft:play_time":7514,"minecraft:sneak_time":29,"minecraft:walk_under_water_one_cm":148,"minecraft:jump":259,"minecraft:leave_game":2,"minecraft:time_since_death":7514,"minecraft:walk_on_water_one_cm":221,"minecraft:total_world_time":7514,"minecraft:fall_one_cm":8606}},"DataVersion":3465}