{"stats":{"minecraft:killed":{"minecraft:sheep":1,"minecraft:chicken":2},"minecraft:mined":{"minecraft:grass":3,"minecraft:grass_block":2,"minecraft:dirt":2},"minecraft:used":{"minecraft:egg":1},"minecraft:picked_up":{"minecraft:chicken":2,"minecraft:mutton":1,"minecraft:dirt":4,"minecraft:white_wool":1,"minecraft:egg":1},"minecraft:custom":{"minecraft:time_since_rest":2439,"minecraft:crouch_one_cm":14,"minecraft:play_time":2439,"minecraft:sprint_one_cm":5382,"minecraft:damage_taken":55,"minecraft:walk_one_cm":9563,"minecraft:sneak_time":7,"minecraft:mob_kills":3,"minecraft:jump":54,"minecraft:damage_dealt":160,"minecraft:leave_game":1,"minecraft:time_since_death":2439,"minecraft:total_world_time":2439,"minecraft:fall_one_cm":2935,"minecraft:fly_one_cm":9240}},"DataVersion":3465}