{"stats":{"minecraft:custom":{"minecraft:interact_with_furnace":63,"minecraft:mob_kills":43,"minecraft:interact_with_crafting_table":32,"minecraft:leave_game":5,"minecraft:time_since_death":75725,"minecraft:sleep_in_bed":1,"minecraft:time_since_rest":1213,"minecraft:sprint_one_cm":359678,"minecraft:damage_taken":1171,"minecraft:walk_one_cm":156626,"minecraft:drop":26,"minecraft:damage_dealt":6635,"minecraft:swim_one_cm":4663,"minecraft:talked_to_villager":3,"minecraft:fly_one_cm":386231,"minecraft:open_chest":9,"minecraft:crouch_one_cm":2258,"minecraft:play_time":75725,"minecraft:sneak_time":1008,"minecraft:walk_under_water_one_cm":1205,"minecraft:jump":1866,"minecraft:walk_on_water_one_cm":4244,"minecraft:total_world_time":75725,"minecraft:fall_one_cm":55998},"minecraft:crafted":{"minecraft:cooked_beef":13,"minecraft:oak_planks":64,"minecraft:cooked_porkchop":9,"minecraft:crafting_table":2,"minecraft:iron_helmet":1,"minecraft:wooden_pickaxe":1,"minecraft:cooked_chicken":1,"minecraft:iron_sword":1,"minecraft:furnace":3,"minecraft:stone_axe":2,"minecraft:cooked_mutton":11,"minecraft:air":0,"minecraft:iron_boots":1,"minecraft:iron_chestplate":1,"minecraft:stick":40,"minecraft:iron_ingot":34,"minecraft:iron_pickaxe":1,"minecraft:stone_pickaxe":3,"minecraft:wooden_axe":1,"minecraft:stone_sword":1,"minecraft:iron_leggings":1,"minecraft:torch":68},"minecraft:mined":{"minecraft:deepslate_diamond_ore":10,"minecraft:dandelion":1,"minecraft:crafting_table":9,"minecraft:torch":3,"minecraft:granite":1,"minecraft:grass_block":1,"minecraft:cobblestone":9,"minecraft:oak_planks":1,"minecraft:wall_torch":3,"minecraft:furnace":3,"minecraft:iron_ore":43,"minecraft:grass":23,"minecraft:oak_log":20,"minecraft:coal_ore":71,"minecraft:deepslate_iron_ore":18,"minecraft:dripstone_block":1,"minecraft:dirt":1,"minecraft:stone":119,"minecraft:deepslate":3},"minecraft:killed":{"minecraft:pig":5,"minecraft:spider":2,"minecraft:creeper":1,"minecraft:sheep":6,"minecraft:skeleton":4,"minecraft:zombie":13,"minecraft:chicken":3,"minecraft:cow":7},"minecraft:used":{"minecraft:cooked_mutton":11,"minecraft:stone_sword":115,"minecraft:stone_pickaxe":196,"minecraft:oak_planks":9,"minecraft:wooden_pickaxe":6,"minecraft:iron_sword":38,"minecraft:iron_chestplate":1,"minecraft:torch":63,"minecraft:dirt":2,"minecraft:crafting_table":10,"minecraft:dripstone_block":1,"minecraft:granite":1,"minecraft:wooden_axe":18,"minecraft:bread":3,"minecraft:iron_pickaxe":77,"minecraft:iron_helmet":1,"minecraft:iron_boots":1,"minecraft:stone_axe":15,"minecraft:cobblestone":73,"minecraft:furnace":5,"minecraft:egg":1,"minecraft:cooked_beef":11,"minecraft:dandelion":1,"minecraft:cobbled_deepslate":3,"minecraft:iron_leggings":1},"minecraft:dropped":{"minecraft:stone_axe":1,"minecraft:wheat_seeds":4,"minecraft:stone_sword":2,"minecraft:dripstone_block":1,"minecraft:feather":1,"minecraft:rotten_flesh":7,"minecraft:wooden_axe":1,"minecraft:arrow":5,"minecraft:wooden_pickaxe":1,"minecraft:stone_pickaxe":3,"minecraft:string":1,"minecraft:egg":1,"minecraft:bone":3},"minecraft:picked_up":{"minecraft:crafting_table":9,"minecraft:feather":1,"minecraft:chicken":3,"minecraft:leather":10,"minecraft:oak_log":20,"minecraft:dirt":2,"minecraft:string":2,"minecraft:bone":3,"minecraft:wheat_seeds":4,"minecraft:cobbled_deepslate":3,"minecraft:beef":13,"minecraft:stone_pickaxe":2,"minecraft:oak_planks":1,"minecraft:furnace":3,"minecraft:egg":2,"minecraft:raw_iron":59,"minecraft:torch":7,"minecraft:dandelion":1,"minecraft:dripstone_block":2,"minecraft:porkchop":10,"minecraft:stone_sword":1,"minecraft:arrow":5,"minecraft:rotten_flesh":8,"minecraft:diamond":10,"minecraft:granite":1,"minecraft:bread":3,"minecraft:mutton":11,"minecraft:coal":75,"minecraft:white_wool":6,"minecraft:cobblestone":128}},"DataVersion":3465}