{"stats":{"minecraft:custom":{"minecraft:interact_with_furnace":9,"minecraft:mob_kills":17,"minecraft:interact_with_crafting_table":11,"minecraft:leave_game":4,"minecraft:time_since_death":40891,"minecraft:time_since_rest":40891,"minecraft:sprint_one_cm":201114,"minecraft:damage_taken":720,"minecraft:walk_one_cm":79853,"minecraft:drop":12,"minecraft:damage_dealt":3003,"minecraft:swim_one_cm":3037,"minecraft:talked_to_villager":3,"minecraft:fly_one_cm":237698,"minecraft:open_chest":2,"minecraft:crouch_one_cm":272,"minecraft:play_time":40891,"minecraft:sneak_time":122,"minecraft:walk_under_water_one_cm":1179,"minecraft:jump":1016,"minecraft:walk_on_water_one_cm":2527,"minecraft:total_world_time":40891,"minecraft:fall_one_cm":28506},"minecraft:crafted":{"minecraft:cooked_beef":7,"minecraft:oak_planks":64,"minecraft:crafting_table":2,"minecraft:wooden_pickaxe":1,"minecraft:furnace":1,"minecraft:stone_axe":2,"minecraft:cooked_mutton":4,"minecraft:air":0,"minecraft:stick":24,"minecraft:stone_pickaxe":3,"minecraft:wooden_axe":1,"minecraft:stone_sword":1,"minecraft:torch":12},"minecraft:mined":{"minecraft:dandelion":1,"minecraft:crafting_table":5,"minecraft:grass_block":1,"minecraft:cobblestone":6,"minecraft:wall_torch":2,"minecraft:furnace":1,"minecraft:iron_ore":4,"minecraft:grass":14,"minecraft:oak_log":20,"minecraft:coal_ore":39,"minecraft:dirt":1,"minecraft:stone":81},"minecraft:killed":{"minecraft:spider":2,"minecraft:sheep":3,"minecraft:skeleton":2,"minecraft:zombie":6,"minecraft:chicken":1,"minecraft:cow":3},"minecraft:used":{"minecraft:cooked_mutton":4,"minecraft:stone_sword":69,"minecraft:stone_pickaxe":126,"minecraft:oak_planks":8,"minecraft:wooden_pickaxe":6,"minecraft:torch":11,"minecraft:dirt":2,"minecraft:crafting_table":6,"minecraft:wooden_axe":18,"minecraft:bread":3,"minecraft:stone_axe":7,"minecraft:cobblestone":24,"minecraft:furnace":2,"minecraft:egg":1,"minecraft:cooked_beef":7,"minecraft:dandelion":1},"minecraft:dropped":{"minecraft:stone_axe":1,"minecraft:wheat_seeds":3,"minecraft:rotten_flesh":2,"minecraft:wooden_axe":1,"minecraft:stone_pickaxe":3,"minecraft:wooden_pickaxe":1,"minecraft:string":1,"minecraft:bone":1,"minecraft:egg":1},"minecraft:picked_up":{"minecraft:crafting_table":5,"minecraft:chicken":1,"minecraft:leather":3,"minecraft:oak_log":20,"minecraft:string":2,"minecraft:dirt":2,"minecraft:bone":1,"minecraft:wheat_seeds":3,"minecraft:beef":7,"minecraft:stone_pickaxe":2,"minecraft:egg":2,"minecraft:furnace":1,"minecraft:raw_iron":4,"minecraft:torch":3,"minecraft:dandelion":1,"minecraft:arrow":3,"minecraft:rotten_flesh":3,"minecraft:bread":3,"minecraft:cobblestone":87,"minecraft:mutton":4,"minecraft:coal":39,"minecraft:white_wool":2}},"DataVersion":3465}