{"stats":{"minecraft:crafted":{"minecraft:cooked_beef":7,"minecraft:oak_planks":64,"minecraft:crafting_table":2,"minecraft:stick":16,"minecraft:wooden_pickaxe":1,"minecraft:stone_pickaxe":2,"minecraft:wooden_axe":1,"minecraft:stone_sword":1,"minecraft:furnace":1,"minecraft:stone_axe":2,"minecraft:cooked_mutton":4,"minecraft:air":0},"minecraft:killed":{"minecraft:sheep":2,"minecraft:zombie":4,"minecraft:chicken":1,"minecraft:spider":2,"minecraft:cow":3},"minecraft:mined":{"minecraft:furnace":1,"minecraft:crafting_table":4,"minecraft:grass":11,"minecraft:oak_log":16,"minecraft:coal_ore":10,"minecraft:dirt":1,"minecraft:cobblestone":5,"minecraft:stone":56},"minecraft:dropped":{"minecraft:stone_axe":1,"minecraft:wheat_seeds":3,"minecraft:wooden_axe":1,"minecraft:wooden_pickaxe":1,"minecraft:stone_pickaxe":1,"minecraft:string":1,"minecraft:egg":1},"minecraft:used":{"minecraft:wooden_axe":18,"minecraft:stone_sword":32,"minecraft:bread":3,"minecraft:stone_pickaxe":67,"minecraft:oak_planks":7,"minecraft:wooden_pickaxe":6,"minecraft:stone_axe":2,"minecraft:dirt":1,"minecraft:cobblestone":14,"minecraft:crafting_table":5,"minecraft:furnace":2,"minecraft:cooked_beef":5},"minecraft:picked_up":{"minecraft:crafting_table":4,"minecraft:chicken":1,"minecraft:leather":3,"minecraft:oak_log":16,"minecraft:dirt":1,"minecraft:string":2,"minecraft:rotten_flesh":1,"minecraft:wheat_seeds":3,"minecraft:beef":7,"minecraft:stone_pickaxe":1,"minecraft:bread":3,"minecraft:mutton":4,"minecraft:coal":10,"minecraft:white_wool":2,"minecraft:furnace":1,"minecraft:cobblestone":61,"minecraft:egg":1},"minecraft:custom":{"minecraft:time_since_rest":20735,"minecraft:interact_with_furnace":8,"minecraft:sprint_one_cm":97497,"minecraft:damage_taken":370,"minecraft:walk_one_cm":47877,"minecraft:mob_kills":12,"minecraft:drop":7,"minecraft:damage_dealt":1597,"minecraft:talked_to_villager":3,"minecraft:swim_one_cm":3037,"minecraft:interact_with_crafting_table":10,"minecraft:fly_one_cm":76688,"minecraft:open_chest":2,"minecraft:crouch_one_cm":272,"minecraft:play_time":20735,"minecraft:sneak_time":122,"minecraft:walk_under_water_one_cm":1179,"minecraft:jump":396,"minecraft:leave_game":2,"minecraft:walk_on_water_one_cm":2334,"minecraft:time_since_death":20735,"minecraft:total_world_time":20735,"minecraft:fall_one_cm":6594}},"DataVersion":3465}