{"stats":{"minecraft:custom":{"minecraft:interact_with_furnace":80,"minecraft:mob_kills":45,"minecraft:interact_with_crafting_table":35,"minecraft:leave_game":5,"minecraft:time_since_death":87725,"minecraft:sleep_in_bed":1,"minecraft:time_since_rest":13213,"minecraft:sprint_one_cm":432198,"minecraft:damage_taken":1289,"minecraft:walk_one_cm":177679,"minecraft:drop":31,"minecraft:damage_dealt":7068,"minecraft:swim_one_cm":4663,"minecraft:talked_to_villager":3,"minecraft:fly_one_cm":454410,"minecraft:open_chest":9,"minecraft:crouch_one_cm":3055,"minecraft:play_time":87725,"minecraft:sneak_time":1250,"minecraft:walk_under_water_one_cm":1225,"minecraft:jump":2226,"minecraft:walk_on_water_one_cm":5730,"minecraft:total_world_time":87725,"minecraft:fall_one_cm":67675},"minecraft:crafted":{"minecraft:cooked_beef":13,"minecraft:oak_planks":80,"minecraft:cooked_porkchop":10,"minecraft:crafting_table":2,"minecraft:iron_helmet":1,"minecraft:wooden_pickaxe":1,"minecraft:cooked_chicken":3,"minecraft:iron_sword":1,"minecraft:furnace":3,"minecraft:stone_axe":2,"minecraft:cooked_mutton":12,"minecraft:air":0,"minecraft:iron_boots":1,"minecraft:iron_chestplate":1,"minecraft:iron_axe":1,"minecraft:stick":40,"minecraft:iron_ingot":59,"minecraft:iron_pickaxe":1,"minecraft:stone_pickaxe":3,"minecraft:wooden_axe":1,"minecraft:stone_sword":1,"minecraft:iron_leggings":1,"minecraft:white_bed":1,"minecraft:torch":68},"minecraft:mined":{"minecraft:deepslate_diamond_ore":10,"minecraft:dandelion":1,"minecraft:crafting_table":12,"minecraft:torch":4,"minecraft:granite":1,"minecraft:grass_block":1,"minecraft:cobblestone":9,"minecraft:oak_planks":1,"minecraft:wall_torch":5,"minecraft:furnace":3,"minecraft:iron_ore":48,"minecraft:grass":23,"minecraft:oak_log":20,"minecraft:coal_ore":71,"minecraft:deepslate_iron_ore":18,"minecraft:dripstone_block":1,"minecraft:dirt":1,"minecraft:stone":151,"minecraft:deepslate":3},"minecraft:killed":{"minecraft:pig":5,"minecraft:spider":2,"minecraft:creeper":1,"minecraft:sheep":7,"minecraft:skeleton":4,"minecraft:zombie":14,"minecraft:chicken":3,"minecraft:cow":7},"minecraft:used":{"minecraft:cooked_mutton":12,"minecraft:stone_sword":115,"minecraft:stone_pickaxe":196,"minecraft:oak_planks":16,"minecraft:wooden_pickaxe":6,"minecraft:iron_sword":46,"minecraft:iron_chestplate":1,"minecraft:torch":75,"minecraft:dirt":2,"minecraft:crafting_table":12,"minecraft:dripstone_block":1,"minecraft:granite":1,"minecraft:wooden_axe":18,"minecraft:iron_axe":3,"minecraft:bread":3,"minecraft:iron_pickaxe":114,"minecraft:iron_helmet":1,"minecraft:iron_boots":1,"minecraft:stone_axe":15,"minecraft:cobblestone":110,"minecraft:furnace":5,"minecraft:cooked_porkchop":1,"minecraft:egg":1,"minecraft:cooked_beef":13,"minecraft:dandelion":1,"minecraft:cobbled_deepslate":3,"minecraft:iron_leggings":1},"minecraft:dropped":{"minecraft:stone_axe":2,"minecraft:wheat_seeds":4,"minecraft:stone_sword":2,"minecraft:dripstone_block":1,"minecraft:feather":1,"minecraft:rotten_flesh":9,"minecraft:wooden_axe":1,"minecraft:arrow":5,"minecraft:wooden_pickaxe":1,"minecraft:stone_pickaxe":5,"minecraft:string":1,"minecraft:egg":1,"minecraft:bone":3},"minecraft:picked_up":{"minecraft:crafting_table":11,"minecraft:feather":1,"minecraft:chicken":3,"minecraft:leather":10,"minecraft:oak_log":20,"minecraft:dirt":2,"minecraft:string":2,"minecraft:bone":3,"minecraft:wheat_seeds":4,"minecraft:cobbled_deepslate":3,"minecraft:beef":13,"minecraft:stone_pickaxe":2,"minecraft:oak_planks":1,"minecraft:furnace":3,"minecraft:egg":2,"minecraft:raw_iron":64,"minecraft:torch":9,"minecraft:dandelion":1,"minecraft:dripstone_block":2,"minecraft:porkchop":10,"minecraft:stone_sword":1,"minecraft:arrow":5,"minecraft:rotten_flesh":10,"minecraft:diamond":10,"minecraft:granite":1,"minecraft:bread":3,"minecraft:mutton":13,"minecraft:coal":75,"minecraft:white_wool":7,"minecraft:cobblestone":158}},"DataVersion":3465}