{"stats":{"minecraft:custom":{"minecraft:interact_with_furnace":39,"minecraft:mob_kills":32,"minecraft:interact_with_crafting_table":17,"minecraft:leave_game":4,"minecraft:time_since_death":52891,"minecraft:time_since_rest":52891,"minecraft:sprint_one_cm":240753,"minecraft:damage_taken":845,"minecraft:walk_one_cm":106650,"minecraft:drop":17,"minecraft:damage_dealt":4815,"minecraft:swim_one_cm":3037,"minecraft:talked_to_villager":3,"minecraft:fly_one_cm":289611,"minecraft:open_chest":5,"minecraft:crouch_one_cm":1082,"minecraft:play_time":52891,"minecraft:sneak_time":426,"minecraft:walk_under_water_one_cm":1179,"minecraft:jump":1259,"minecraft:walk_on_water_one_cm":2527,"minecraft:total_world_time":52891,"minecraft:fall_one_cm":35964},"minecraft:crafted":{"minecraft:cooked_beef":13,"minecraft:oak_planks":64,"minecraft:cooked_porkchop":9,"minecraft:crafting_table":2,"minecraft:cooked_chicken":1,"minecraft:wooden_pickaxe":1,"minecraft:iron_sword":1,"minecraft:furnace":3,"minecraft:stone_axe":2,"minecraft:cooked_mutton":11,"minecraft:air":0,"minecraft:stick":40,"minecraft:iron_ingot":6,"minecraft:iron_pickaxe":1,"minecraft:stone_pickaxe":3,"minecraft:wooden_axe":1,"minecraft:stone_sword":1,"minecraft:torch":32},"minecraft:mined":{"minecraft:dandelion":1,"minecraft:crafting_table":7,"minecraft:torch":1,"minecraft:granite":1,"minecraft:grass_block":1,"minecraft:cobblestone":6,"minecraft:wall_torch":2,"minecraft:furnace":2,"minecraft:iron_ore":36,"minecraft:grass":19,"minecraft:oak_log":20,"minecraft:coal_ore":39,"minecraft:dripstone_block":1,"minecraft:dirt":1,"minecraft:stone":94},"minecraft:killed":{"minecraft:pig":4,"minecraft:spider":2,"minecraft:sheep":6,"minecraft:skeleton":3,"minecraft:zombie":8,"minecraft:chicken":1,"minecraft:cow":7},"minecraft:used":{"minecraft:cooked_mutton":8,"minecraft:stone_sword":115,"minecraft:stone_pickaxe":174,"minecraft:oak_planks":8,"minecraft:wooden_pickaxe":6,"minecraft:torch":23,"minecraft:dirt":2,"minecraft:crafting_table":9,"minecraft:granite":1,"minecraft:wooden_axe":18,"minecraft:bread":3,"minecraft:stone_axe":12,"minecraft:cobblestone":46,"minecraft:furnace":5,"minecraft:egg":1,"minecraft:cooked_beef":7,"minecraft:dandelion":1},"minecraft:dropped":{"minecraft:stone_axe":1,"minecraft:wheat_seeds":4,"minecraft:stone_sword":1,"minecraft:dripstone_block":1,"minecraft:rotten_flesh":2,"minecraft:wooden_axe":1,"minecraft:arrow":3,"minecraft:stone_pickaxe":3,"minecraft:wooden_pickaxe":1,"minecraft:string":1,"minecraft:bone":3,"minecraft:egg":1},"minecraft:picked_up":{"minecraft:crafting_table":7,"minecraft:chicken":1,"minecraft:leather":10,"minecraft:oak_log":20,"minecraft:string":2,"minecraft:dirt":2,"minecraft:bone":3,"minecraft:wheat_seeds":4,"minecraft:beef":13,"minecraft:stone_pickaxe":2,"minecraft:egg":2,"minecraft:furnace":2,"minecraft:raw_iron":34,"minecraft:torch":4,"minecraft:dandelion":1,"minecraft:dripstone_block":1,"minecraft:porkchop":9,"minecraft:arrow":3,"minecraft:rotten_flesh":3,"minecraft:granite":1,"minecraft:bread":3,"minecraft:cobblestone":100,"minecraft:mutton":11,"minecraft:coal":39,"minecraft:white_wool":6}},"DataVersion":3465}