{"stats":{"minecraft:picked_up":{"minecraft:crafting_table":4,"minecraft:chicken":1,"minecraft:leather":3,"minecraft:torch":1,"minecraft:oak_log":18,"minecraft:dirt":2,"minecraft:string":2,"minecraft:rotten_flesh":1,"minecraft:wheat_seeds":3,"minecraft:beef":7,"minecraft:stone_pickaxe":1,"minecraft:bread":3,"minecraft:mutton":4,"minecraft:coal":10,"minecraft:white_wool":2,"minecraft:cobblestone":72,"minecraft:furnace":1,"minecraft:egg":1},"minecraft:used":{"minecraft:wooden_axe":18,"minecraft:stone_sword":32,"minecraft:bread":3,"minecraft:stone_pickaxe":78,"minecraft:oak_planks":7,"minecraft:wooden_pickaxe":6,"minecraft:torch":1,"minecraft:stone_axe":4,"minecraft:dirt":2,"minecraft:cobblestone":22,"minecraft:crafting_table":5,"minecraft:furnace":2,"minecraft:cooked_beef":6},"minecraft:crafted":{"minecraft:cooked_beef":7,"minecraft:oak_planks":64,"minecraft:crafting_table":2,"minecraft:stick":16,"minecraft:wooden_pickaxe":1,"minecraft:stone_pickaxe":2,"minecraft:wooden_axe":1,"minecraft:stone_sword":1,"minecraft:furnace":1,"minecraft:torch":4,"minecraft:stone_axe":2,"minecraft:air":0,"minecraft:cooked_mutton":4},"minecraft:custom":{"minecraft:time_since_rest":29455,"minecraft:interact_with_furnace":8,"minecraft:sprint_one_cm":126090,"minecraft:damage_taken":370,"minecraft:walk_one_cm":52335,"minecraft:mob_kills":12,"minecraft:drop":7,"minecraft:damage_dealt":1597,"minecraft:swim_one_cm":3037,"minecraft:interact_with_crafting_table":10,"minecraft:fly_one_cm":146676,"minecraft:talked_to_villager":3,"minecraft:open_chest":2,"minecraft:play_time":29455,"minecraft:crouch_one_cm":272,"minecraft:sneak_time":122,"minecraft:walk_under_water_one_cm":1179,"minecraft:jump":635,"minecraft:leave_game":4,"minecraft:time_since_death":29455,"minecraft:walk_on_water_one_cm":2334,"minecraft:total_world_time":29455,"minecraft:fall_one_cm":17055},"minecraft:killed":{"minecraft:sheep":2,"minecraft:zombie":4,"minecraft:chicken":1,"minecraft:spider":2,"minecraft:cow":3},"minecraft:mined":{"minecraft:furnace":1,"minecraft:crafting_table":4,"minecraft:grass":11,"minecraft:coal_ore":10,"minecraft:grass_block":1,"minecraft:oak_log":18,"minecraft:dirt":1,"minecraft:cobblestone":6,"minecraft:stone":66,"minecraft:wall_torch":1},"minecraft:dropped":{"minecraft:stone_axe":1,"minecraft:wheat_seeds":3,"minecraft:wooden_axe":1,"minecraft:wooden_pickaxe":1,"minecraft:stone_pickaxe":1,"minecraft:string":1,"minecraft:egg":1}},"DataVersion":3465}