{"stats":{"minecraft:custom":{"minecraft:interact_with_furnace":61,"minecraft:mob_kills":36,"minecraft:interact_with_crafting_table":32,"minecraft:leave_game":5,"minecraft:time_since_death":64315,"minecraft:time_since_rest":64315,"minecraft:sprint_one_cm":296303,"minecraft:damage_taken":1105,"minecraft:walk_one_cm":132682,"minecraft:drop":22,"minecraft:damage_dealt":5695,"minecraft:swim_one_cm":3037,"minecraft:talked_to_villager":3,"minecraft:fly_one_cm":315322,"minecraft:open_chest":5,"minecraft:crouch_one_cm":1599,"minecraft:play_time":64315,"minecraft:sneak_time":698,"minecraft:walk_under_water_one_cm":1179,"minecraft:jump":1437,"minecraft:walk_on_water_one_cm":3894,"minecraft:total_world_time":64315,"minecraft:fall_one_cm":44016},"minecraft:crafted":{"minecraft:cooked_beef":13,"minecraft:oak_planks":64,"minecraft:cooked_porkchop":9,"minecraft:crafting_table":2,"minecraft:iron_helmet":1,"minecraft:cooked_chicken":1,"minecraft:wooden_pickaxe":1,"minecraft:iron_sword":1,"minecraft:furnace":3,"minecraft:stone_axe":2,"minecraft:cooked_mutton":11,"minecraft:air":0,"minecraft:iron_boots":1,"minecraft:iron_chestplate":1,"minecraft:stick":40,"minecraft:iron_ingot":34,"minecraft:iron_pickaxe":1,"minecraft:stone_pickaxe":3,"minecraft:wooden_axe":1,"minecraft:stone_sword":1,"minecraft:iron_leggings":1,"minecraft:torch":52},"minecraft:mined":{"minecraft:deepslate_diamond_ore":9,"minecraft:dandelion":1,"minecraft:crafting_table":9,"minecraft:torch":2,"minecraft:granite":1,"minecraft:grass_block":1,"minecraft:cobblestone":6,"minecraft:wall_torch":3,"minecraft:furnace":3,"minecraft:iron_ore":42,"minecraft:grass":19,"minecraft:oak_log":20,"minecraft:coal_ore":39,"minecraft:deepslate_iron_ore":11,"minecraft:dripstone_block":1,"minecraft:dirt":1,"minecraft:stone":96,"minecraft:deepslate":3},"minecraft:killed":{"minecraft:pig":4,"minecraft:spider":2,"minecraft:creeper":1,"minecraft:sheep":6,"minecraft:skeleton":4,"minecraft:zombie":10,"minecraft:chicken":1,"minecraft:cow":7},"minecraft:used":{"minecraft:cooked_mutton":11,"minecraft:stone_sword":115,"minecraft:stone_pickaxe":196,"minecraft:oak_planks":8,"minecraft:wooden_pickaxe":6,"minecraft:iron_sword":14,"minecraft:iron_chestplate":1,"minecraft:torch":50,"minecraft:dirt":2,"minecraft:crafting_table":10,"minecraft:dripstone_block":1,"minecraft:granite":1,"minecraft:wooden_axe":18,"minecraft:bread":3,"minecraft:iron_pickaxe":10,"minecraft:iron_helmet":1,"minecraft:iron_boots":1,"minecraft:stone_axe":14,"minecraft:cobblestone":47,"minecraft:furnace":5,"minecraft:egg":1,"minecraft:cooked_beef":9,"minecraft:cobbled_deepslate":3,"minecraft:dandelion":1,"minecraft:iron_leggings":1},"minecraft:dropped":{"minecraft:stone_axe":1,"minecraft:wheat_seeds":4,"minecraft:stone_sword":2,"minecraft:dripstone_block":1,"minecraft:rotten_flesh":4,"minecraft:wooden_axe":1,"minecraft:arrow":5,"minecraft:stone_pickaxe":3,"minecraft:wooden_pickaxe":1,"minecraft:string":1,"minecraft:bone":3,"minecraft:egg":1},"minecraft:picked_up":{"minecraft:crafting_table":9,"minecraft:chicken":1,"minecraft:leather":10,"minecraft:oak_log":20,"minecraft:string":2,"minecraft:dirt":2,"minecraft:bone":3,"minecraft:wheat_seeds":4,"minecraft:cobbled_deepslate":3,"minecraft:beef":13,"minecraft:stone_pickaxe":2,"minecraft:egg":2,"minecraft:furnace":3,"minecraft:raw_iron":51,"minecraft:torch":6,"minecraft:dandelion":1,"minecraft:dripstone_block":2,"minecraft:porkchop":9,"minecraft:stone_sword":1,"minecraft:arrow":5,"minecraft:rotten_flesh":5,"minecraft:diamond":9,"minecraft:granite":1,"minecraft:bread":3,"minecraft:cobblestone":102,"minecraft:mutton":11,"minecraft:coal":39,"minecraft:white_wool":6}},"DataVersion":3465}