{"stats":{"minecraft:crafted":{"minecraft:cooked_beef":7,"minecraft:oak_planks":64,"minecraft:crafting_table":1,"minecraft:stick":16,"minecraft:wooden_pickaxe":1,"minecraft:stone_pickaxe":1,"minecraft:wooden_axe":1,"minecraft:stone_sword":1,"minecraft:furnace":1,"minecraft:stone_axe":1,"minecraft:air":0},"minecraft:killed":{"minecraft:zombie":1,"minecraft:chicken":1,"minecraft:spider":1,"minecraft:cow":3},"minecraft:mined":{"minecraft:furnace":1,"minecraft:crafting_table":3,"minecraft:grass":10,"minecraft:oak_log":16,"minecraft:coal_ore":10,"minecraft:cobblestone":5,"minecraft:stone":24},"minecraft:used":{"minecraft:wooden_axe":18,"minecraft:stone_sword":11,"minecraft:stone_pickaxe":34,"minecraft:wooden_pickaxe":6,"minecraft:stone_axe":1,"minecraft:cobblestone":9,"minecraft:crafting_table":4,"minecraft:furnace":1,"minecraft:cooked_beef":3},"minecraft:picked_up":{"minecraft:crafting_table":3,"minecraft:chicken":1,"minecraft:leather":3,"minecraft:oak_log":16,"minecraft:string":1,"minecraft:rotten_flesh":1,"minecraft:wheat_seeds":2,"minecraft:beef":7,"minecraft:coal":10,"minecraft:furnace":1,"minecraft:cobblestone":29,"minecraft:egg":1},"minecraft:custom":{"minecraft:time_since_rest":11026,"minecraft:interact_with_furnace":3,"minecraft:sprint_one_cm":50528,"minecraft:damage_taken":170,"minecraft:walk_one_cm":19304,"minecraft:mob_kills":6,"minecraft:damage_dealt":761,"minecraft:swim_one_cm":2223,"minecraft:interact_with_crafting_table":8,"minecraft:fly_one_cm":33276,"minecraft:crouch_one_cm":155,"minecraft:play_time":11026,"minecraft:sneak_time":89,"minecraft:walk_under_water_one_cm":1058,"minecraft:jump":177,"minecraft:leave_game":1,"minecraft:walk_on_water_one_cm":2213,"minecraft:time_since_death":11026,"minecraft:total_world_time":11026,"minecraft:fall_one_cm":1867}},"DataVersion":3465}